Year,Month,Day,Weekday,Order_count,Product_Tonnage,Revenue
2021.0,4.0,28.0,3,5,56.00,2522.13
2021.0,4.0,29.0,4,28,417.17,23357.30
2021.0,5.0,1.0,6,22,201.81,16965.29
2021.0,5.0,2.0,7,26,275.18,18056.65
2021.0,5.0,3.0,1,23,209.00,9496.33
2021.0,5.0,4.0,2,23,238.57,13975.26
2021.0,5.0,5.0,3,21,244.43,16110.38
2021.0,5.0,6.0,4,32,329.64,21703.12
2021.0,5.0,8.0,6,28,284.73,16260.36
2021.0,5.0,9.0,7,30,285.91,18421.93
2021.0,5.0,10.0,1,25,409.74,24191.02
2021.0,5.0,11.0,2,36,577.07,31432.58
2021.0,5.0,12.0,3,19,121.24,9045.01
2021.0,5.0,13.0,4,15,255.90,13490.41
2021.0,5.0,15.0,6,30,446.99,24365.88
2021.0,5.0,16.0,7,19,160.54,9269.95
2021.0,5.0,17.0,1,24,313.96,18325.68
2021.0,5.0,18.0,2,20,250.86,14526.06
2021.0,5.0,19.0,3,30,372.44,25738.86
2021.0,5.0,20.0,4,45,701.61,33749.78
2021.0,5.0,21.0,5,2,13.00,724.93
2021.0,5.0,22.0,6,34,371.75,20191.99
2021.0,5.0,23.0,7,31,313.45,21183.19
2021.0,5.0,24.0,1,32,291.87,15809.49
2021.0,5.0,25.0,2,25,253.01,17045.21
2021.0,5.0,26.0,3,33,353.11,22436.35
2021.0,5.0,27.0,4,37,675.03,32825.64
2021.0,5.0,29.0,6,30,351.03,16578.24
2021.0,5.0,30.0,7,35,418.11,15701.87
2021.0,5.0,31.0,1,21,165.99,10885.40
2021.0,6.0,1.0,2,38,454.62,22309.64
2021.0,6.0,2.0,3,34,449.67,28127.72
2021.0,6.0,3.0,4,51,538.81,36300.17
2021.0,6.0,4.0,5,2,43.20,2078.53
2021.0,6.0,5.0,6,24,288.49,11625.66
2021.0,6.0,6.0,7,37,498.33,24870.73
2021.0,6.0,7.0,1,36,324.13,19881.22
2021.0,6.0,8.0,2,23,357.10,17587.63
2021.0,6.0,9.0,3,25,365.75,16275.92
2021.0,6.0,10.0,4,46,739.96,35601.40
2021.0,6.0,12.0,6,37,372.75,18286.24
2021.0,6.0,13.0,7,32,297.22,16173.69
2021.0,6.0,14.0,1,37,381.76,20647.08
2021.0,6.0,15.0,2,31,350.12,17672.37
2021.0,6.0,16.0,3,27,312.75,23972.25
2021.0,6.0,17.0,4,47,472.48,30444.36
2021.0,6.0,19.0,6,36,371.34,19577.16
2021.0,6.0,20.0,7,32,217.74,14272.40
2021.0,6.0,21.0,1,29,299.64,19491.98
2021.0,6.0,22.0,2,26,327.53,17402.90
2021.0,6.0,23.0,3,36,305.61,20377.74
2021.0,6.0,24.0,4,38,555.33,29095.00
2021.0,6.0,26.0,6,22,222.62,11956.67
2021.0,6.0,27.0,7,40,288.32,19337.96
2021.0,6.0,28.0,1,22,221.00,13976.10
2021.0,6.0,29.0,2,26,313.64,16542.43
2021.0,6.0,30.0,3,23,197.94,13541.90
2021.0,7.0,1.0,4,58,698.85,39476.96
2021.0,7.0,3.0,6,30,293.22,16016.13
2021.0,7.0,4.0,7,30,224.80,14118.04
2021.0,7.0,5.0,1,26,305.43,17460.55
2021.0,7.0,6.0,2,25,326.92,16456.33
2021.0,7.0,7.0,3,43,343.68,22993.86
2021.0,7.0,8.0,4,44,489.18,26650.18
2021.0,7.0,10.0,6,30,317.58,15266.12
2021.0,7.0,11.0,7,21,139.13,8261.88
2021.0,7.0,12.0,1,36,253.94,14675.09
2021.0,7.0,13.0,2,29,242.36,9453.51
2021.0,7.0,14.0,3,23,276.72,16008.96
2021.0,7.0,15.0,4,50,513.51,32929.08
2021.0,7.0,17.0,6,26,230.20,15356.86
2021.0,7.0,18.0,7,35,549.12,27089.21
2021.0,7.0,19.0,1,35,303.87,21328.41
2021.0,7.0,20.0,2,9,181.46,11934.13
2021.0,7.0,21.0,3,6,101.65,7284.33
2021.0,7.0,22.0,4,32,467.57,23261.27
2021.0,7.0,24.0,6,26,209.53,10743.44
2021.0,7.0,25.0,7,21,245.66,11952.40
2021.0,7.0,26.0,1,26,177.26,10974.41
2021.0,7.0,27.0,2,20,140.72,8568.37
2021.0,7.0,28.0,3,35,149.52,8056.18
2021.0,7.0,29.0,4,50,429.53,27886.73
2021.0,7.0,30.0,5,2,22.50,687.54
2021.0,7.0,31.0,6,14,105.79,6357.54
2021.0,8.0,1.0,7,48,346.86,17998.97
2021.0,8.0,2.0,1,28,174.75,12004.84
2021.0,8.0,3.0,2,24,172.99,10475.92
2021.0,8.0,4.0,3,41,266.96,17737.22
2021.0,8.0,5.0,4,53,579.76,26007.93
2021.0,8.0,6.0,5,2,6.90,786.60
2021.0,8.0,7.0,6,39,412.29,19962.29
2021.0,8.0,8.0,7,42,511.91,25269.10
2021.0,8.0,9.0,1,52,536.85,22253.73
2021.0,8.0,10.0,2,44,428.84,21872.97
2021.0,8.0,11.0,3,52,679.02,34825.49
2021.0,8.0,12.0,4,31,405.85,17404.38
2021.0,8.0,13.0,5,1,4.20,428.90
2021.0,8.0,14.0,6,35,449.88,18405.37
2021.0,8.0,15.0,7,45,361.83,16954.06
2021.0,8.0,16.0,1,31,328.09,21630.48
2021.0,8.0,17.0,2,36,371.88,16268.83
2021.0,8.0,18.0,3,34,298.96,14480.84
2021.0,8.0,19.0,4,54,711.58,28854.71
2021.0,8.0,20.0,5,1,0.00,227.70
2021.0,8.0,21.0,6,37,459.78,15543.56
2021.0,8.0,22.0,7,38,428.30,25166.34
2021.0,8.0,23.0,1,39,298.24,15773.22
2021.0,8.0,24.0,2,32,409.11,16051.67
2021.0,8.0,25.0,3,44,415.30,21959.88
2021.0,8.0,26.0,4,54,631.81,31832.57
2021.0,8.0,27.0,5,4,35.40,3269.65
2021.0,8.0,28.0,6,38,399.62,19648.55
2021.0,8.0,29.0,7,54,400.98,19486.50
2021.0,8.0,30.0,1,32,200.63,10809.89
2021.0,8.0,31.0,2,31,228.95,14838.00
2021.0,9.0,1.0,3,50,532.04,38012.57
2021.0,9.0,2.0,4,50,501.35,26455.83
2021.0,9.0,3.0,5,3,82.00,4590.54
2021.0,9.0,4.0,6,41,338.32,21274.51
2021.0,9.0,5.0,7,49,646.83,27291.12
2021.0,9.0,6.0,1,50,419.09,23998.53
2021.0,9.0,7.0,2,41,437.17,22219.72
2021.0,9.0,8.0,3,43,404.66,22697.59
2021.0,9.0,9.0,4,62,850.59,42614.11
2021.0,9.0,10.0,5,1,10.00,579.60
2021.0,9.0,11.0,6,50,432.43,22695.40
2021.0,9.0,12.0,7,51,705.77,23441.26
2021.0,9.0,13.0,1,48,417.08,22319.11
2021.0,9.0,14.0,2,53,549.92,29876.40
2021.0,9.0,15.0,3,58,674.27,31288.49
2021.0,9.0,16.0,4,73,932.46,52883.65
2021.0,9.0,17.0,5,2,14.70,1761.83
2021.0,9.0,18.0,6,63,707.29,39410.12
2021.0,9.0,19.0,7,59,710.27,30937.68
2021.0,9.0,20.0,1,66,800.39,42822.46
2021.0,9.0,21.0,2,64,575.16,31925.43
2021.0,9.0,22.0,3,43,354.79,20267.66
2021.0,9.0,23.0,4,79,1017.03,50480.57
2021.0,9.0,24.0,5,1,0.00,372.60
2021.0,9.0,25.0,6,57,627.30,31483.45
2021.0,9.0,26.0,7,62,763.60,37553.57
2021.0,9.0,27.0,1,43,400.73,16471.47
2021.0,9.0,28.0,2,69,621.13,35207.80
2021.0,9.0,29.0,3,59,716.94,35044.11
2021.0,9.0,30.0,4,76,1004.80,52632.84
2021.0,10.0,1.0,5,2,2.00,627.83
2021.0,10.0,2.0,6,56,616.83,36484.62
2021.0,10.0,3.0,7,57,655.17,32455.02
2021.0,10.0,4.0,1,64,643.25,31954.22
2021.0,10.0,5.0,2,50,413.38,25086.75
2021.0,10.0,6.0,3,64,710.55,33357.48
2021.0,10.0,7.0,4,97,1516.24,66204.42
2021.0,10.0,8.0,5,1,5.00,763.14
2021.0,10.0,9.0,6,70,750.90,41261.34
2021.0,10.0,10.0,7,88,914.80,55760.73
2021.0,10.0,11.0,1,51,441.83,27421.23
2021.0,10.0,12.0,2,49,627.35,35195.61
2021.0,10.0,13.0,3,66,707.51,41633.65
2021.0,10.0,14.0,4,95,2024.01,62328.17
2021.0,10.0,15.0,5,1,0.00,182.16
2021.0,10.0,16.0,6,61,585.89,32704.03
2021.0,10.0,17.0,7,71,680.93,38182.10
2021.0,10.0,18.0,1,56,628.72,32901.70
2021.0,10.0,19.0,2,79,941.85,51824.64
2021.0,10.0,20.0,3,96,1285.29,76036.50
2021.0,10.0,21.0,4,42,534.38,37103.16
2021.0,10.0,23.0,6,52,686.01,35694.81
2021.0,10.0,24.0,7,76,802.56,43428.21
2021.0,10.0,25.0,1,65,675.81,32497.28
2021.0,10.0,26.0,2,64,728.07,47571.28
2021.0,10.0,27.0,3,88,1053.59,55628.57
2021.0,10.0,28.0,4,88,1070.68,56339.85
2021.0,10.0,29.0,5,1,9.00,630.94
2021.0,10.0,30.0,6,51,549.60,33862.51
2021.0,10.0,31.0,7,53,619.64,35040.54
2021.0,11.0,1.0,1,75,945.42,56256.01
2021.0,11.0,2.0,2,76,772.50,46551.36
2021.0,11.0,3.0,3,72,875.62,56470.78
2021.0,11.0,4.0,4,93,1316.85,92028.47
2021.0,11.0,5.0,5,2,55.54,1553.29
2021.0,11.0,6.0,6,73,1092.39,57360.31
2021.0,11.0,7.0,7,85,912.00,63305.81
2021.0,11.0,8.0,1,66,777.18,38962.64
2021.0,11.0,9.0,2,70,780.02,43121.99
2021.0,11.0,10.0,3,72,758.14,50194.97
2021.0,11.0,11.0,4,104,1320.28,81348.08
2021.0,11.0,13.0,6,71,967.32,59522.00
2021.0,11.0,14.0,7,75,1126.94,62342.68
2021.0,11.0,15.0,1,66,731.07,41920.91
2021.0,11.0,16.0,2,73,823.07,67775.74
2021.0,11.0,17.0,3,76,857.10,57793.88
2021.0,11.0,18.0,4,105,1516.97,83066.95
2021.0,11.0,20.0,6,77,916.69,52578.57
2021.0,11.0,21.0,7,84,872.74,50281.91
2021.0,11.0,22.0,1,64,629.55,43752.17
2021.0,11.0,23.0,2,82,863.92,48366.12
2021.0,11.0,24.0,3,72,771.40,48238.04
2021.0,11.0,25.0,4,118,1607.76,85855.01
2021.0,11.0,26.0,5,1,0.00,676.20
2021.0,11.0,27.0,6,68,861.80,47519.93
2021.0,11.0,28.0,7,62,695.36,39870.98
2021.0,11.0,29.0,1,68,600.57,35077.82
2021.0,11.0,30.0,2,102,1317.44,74138.13
2021.0,12.0,1.0,3,89,1302.47,83596.97
2021.0,12.0,2.0,4,49,733.63,46896.31
2021.0,12.0,4.0,6,54,575.50,36612.20
2021.0,12.0,5.0,7,74,999.09,52687.74
2021.0,12.0,6.0,1,67,534.73,34256.32
2021.0,12.0,7.0,2,81,899.56,49590.50
2021.0,12.0,8.0,3,71,932.43,56384.51
2021.0,12.0,9.0,4,105,1328.17,72282.22
2021.0,12.0,10.0,5,6,69.00,3188.85
2021.0,12.0,11.0,6,88,908.97,48917.42
2021.0,12.0,12.0,7,79,859.01,41656.37
2021.0,12.0,13.0,1,77,614.05,42133.84
2021.0,12.0,14.0,2,86,749.11,46856.90
2021.0,12.0,15.0,3,88,931.51,56803.23
2021.0,12.0,16.0,4,119,1246.93,77448.40
2021.0,12.0,17.0,5,1,0.55,30.94
2021.0,12.0,18.0,6,70,711.34,50576.36
2021.0,12.0,19.0,7,84,995.22,53862.22
2021.0,12.0,20.0,1,85,802.49,51846.46
2021.0,12.0,21.0,2,82,836.65,48397.41
2021.0,12.0,22.0,3,101,834.37,70002.31
2021.0,12.0,23.0,4,131,1381.00,104037.34
2021.0,12.0,24.0,5,3,11.75,1292.23
2021.0,12.0,25.0,6,71,650.95,37979.91
2021.0,12.0,26.0,7,76,759.12,42222.25
2021.0,12.0,27.0,1,74,880.16,41536.78
2021.0,12.0,28.0,2,90,897.27,51090.23
2021.0,12.0,29.0,3,125,1407.54,95673.31
2021.0,12.0,30.0,4,132,1691.36,109012.01
2021.0,12.0,31.0,5,45,357.65,28196.17
2022.0,1.0,2.0,7,35,390.65,22216.90
2022.0,1.0,3.0,1,88,849.30,50661.96
2022.0,1.0,4.0,2,75,662.67,42389.40
2022.0,1.0,5.0,3,69,738.00,48007.73
2022.0,1.0,6.0,4,96,953.54,73067.70
2022.0,1.0,7.0,5,79,692.19,48801.30
2022.0,1.0,8.0,6,72,1230.66,56242.34
2022.0,1.0,10.0,1,71,802.52,43274.02
2022.0,1.0,11.0,2,71,828.38,51460.97
2022.0,1.0,12.0,3,63,654.23,45312.76
2022.0,1.0,13.0,4,82,591.15,42559.02
2022.0,1.0,14.0,5,86,1053.95,66962.10
2022.0,1.0,15.0,6,77,1008.02,56111.14
2022.0,1.0,17.0,1,81,802.28,50138.22
2022.0,1.0,18.0,2,97,816.53,48802.98
2022.0,1.0,19.0,3,71,863.02,39474.78
2022.0,1.0,20.0,4,69,757.88,35027.51
2022.0,1.0,21.0,5,98,824.17,52701.84
2022.0,1.0,22.0,6,88,1359.32,50135.10
2022.0,1.0,24.0,1,75,711.85,39374.04
2022.0,1.0,25.0,2,88,881.60,47611.78
2022.0,1.0,26.0,3,97,818.14,48320.60
2022.0,1.0,27.0,4,73,963.87,43375.00
2022.0,1.0,28.0,5,92,989.30,60790.39
2022.0,1.0,29.0,6,89,835.31,48793.22
2022.0,1.0,31.0,1,81,851.48,43681.29
2022.0,2.0,1.0,2,108,926.91,47769.50
2022.0,2.0,2.0,3,83,1331.26,57977.35
2022.0,2.0,3.0,4,77,794.40,37861.44
2022.0,2.0,4.0,5,113,1054.79,53545.85
2022.0,2.0,5.0,6,105,1182.25,56274.31
2022.0,2.0,7.0,1,85,1108.79,39932.36
2022.0,2.0,8.0,2,122,1143.16,51043.92
2022.0,2.0,9.0,3,92,1784.86,50357.11
2022.0,2.0,10.0,4,121,2879.78,72155.72
2022.0,2.0,11.0,5,151,2327.97,71017.57
2022.0,2.0,12.0,6,88,3007.96,66199.09
2022.0,2.0,14.0,1,117,3662.45,81126.22
2022.0,2.0,15.0,2,149,3076.47,79854.12
2022.0,2.0,16.0,3,111,2214.51,64864.26
2022.0,2.0,17.0,4,110,1690.76,52215.87
2022.0,2.0,18.0,5,148,3409.52,107136.67
2022.0,2.0,19.0,6,114,2873.90,78148.15
2022.0,2.0,20.0,7,1,30.00,869.40
2022.0,2.0,21.0,1,109,2429.20,72012.19
2022.0,2.0,22.0,2,154,3154.35,77988.55
2022.0,2.0,23.0,3,109,1992.64,57356.31
2022.0,2.0,24.0,4,120,2293.00,65929.06
2022.0,2.0,25.0,5,126,3228.90,77099.37
2022.0,2.0,26.0,6,130,3184.45,69354.99
2022.0,2.0,28.0,1,108,2294.57,72328.74
2022.0,3.0,1.0,2,121,3040.96,84620.53
2022.0,3.0,2.0,3,110,2084.47,55140.36
2022.0,3.0,3.0,4,124,2082.60,53978.08
2022.0,3.0,4.0,5,138,3365.29,93317.88
2022.0,3.0,5.0,6,143,2975.12,86541.27
2022.0,3.0,6.0,7,1,0.00,0.00
2022.0,3.0,7.0,1,119,2950.01,72730.08
2022.0,3.0,8.0,2,147,2384.29,73100.69
2022.0,3.0,9.0,3,133,2763.29,71784.65
2022.0,3.0,10.0,4,102,2090.10,56775.09
2022.0,3.0,11.0,5,137,2730.88,90936.37
2022.0,3.0,12.0,6,123,3307.07,80141.78
2022.0,3.0,14.0,1,119,2876.99,73461.95
2022.0,3.0,15.0,2,145,2904.07,75854.27
2022.0,3.0,16.0,3,144,2746.27,77741.61
2022.0,3.0,17.0,4,136,2353.94,75027.40
2022.0,3.0,18.0,5,155,2596.45,103926.77
2022.0,3.0,19.0,6,151,3332.92,83470.98
2022.0,3.0,21.0,1,120,2935.45,76587.38
2022.0,3.0,22.0,2,137,2827.32,78105.48
2022.0,3.0,23.0,3,136,2698.70,71420.30
2022.0,3.0,24.0,4,137,2505.71,71080.04
2022.0,3.0,25.0,5,140,3077.10,81772.23
2022.0,3.0,26.0,6,143,3620.72,100824.01
2022.0,3.0,27.0,7,4,22.00,3788.30
2022.0,3.0,28.0,1,150,3481.05,95631.02
2022.0,3.0,29.0,2,159,3105.23,78678.76
2022.0,3.0,30.0,3,119,2587.82,87015.19
2022.0,3.0,31.0,4,128,2428.60,64411.39
2022.0,4.0,1.0,5,142,3124.91,92222.87
2022.0,4.0,2.0,6,111,4015.10,87408.21
2022.0,4.0,4.0,1,117,2323.96,65513.52
2022.0,4.0,5.0,2,102,1918.60,59061.50
2022.0,4.0,6.0,3,88,2138.86,47610.87
2022.0,4.0,7.0,4,89,2040.58,45061.75
2022.0,4.0,8.0,5,107,2471.57,60092.18
2022.0,4.0,9.0,6,127,3726.79,76324.97
2022.0,4.0,11.0,1,142,3520.20,65657.05
2022.0,4.0,12.0,2,133,2776.78,81897.17
2022.0,4.0,13.0,3,112,2926.21,60204.23
2022.0,4.0,14.0,4,121,3067.38,67049.38
2022.0,4.0,15.0,5,154,3901.65,123833.14
2022.0,4.0,16.0,6,143,3625.87,80389.01
2022.0,4.0,17.0,7,2,38.45,1353.08
2022.0,4.0,18.0,1,145,2969.87,75213.80
2022.0,4.0,19.0,2,149,2798.61,79661.23
2022.0,4.0,20.0,3,122,0.00,56938.20
2022.0,4.0,21.0,4,140,90.00,62865.39
2022.0,4.0,22.0,5,158,745.50,107463.99
2022.0,4.0,23.0,6,133,3109.65,75619.02
2022.0,4.0,24.0,7,1,15.00,476.82
2022.0,4.0,25.0,1,127,2489.86,57215.54
2022.0,4.0,26.0,2,131,2970.88,108361.65
2022.0,4.0,27.0,3,136,2038.66,63924.99
2022.0,4.0,28.0,4,107,2236.05,59959.17
2022.0,4.0,29.0,5,200,4428.50,126764.27
2022.0,4.0,30.0,6,197,5688.92,130343.73
2022.0,5.0,1.0,7,2,12.25,181.46
2022.0,5.0,2.0,1,4,204.80,10261.55
2022.0,5.0,3.0,2,90,3702.56,56038.81
2022.0,5.0,4.0,3,114,2165.92,69764.20
2022.0,5.0,5.0,4,145,2170.82,70053.15
2022.0,5.0,6.0,5,172,2990.71,119670.04
2022.0,5.0,7.0,6,188,3917.33,106931.70
2022.0,5.0,9.0,1,152,2913.91,84408.39
2022.0,5.0,10.0,2,167,2558.50,79500.53
2022.0,5.0,11.0,3,133,2022.31,64217.64
2022.0,5.0,12.0,4,141,2688.34,83161.21
2022.0,5.0,13.0,5,163,3288.78,92107.35
2022.0,5.0,14.0,6,157,3467.26,91809.07
2022.0,5.0,16.0,1,152,2600.33,79530.20
2022.0,5.0,17.0,2,164,2751.75,83181.73
2022.0,5.0,18.0,3,126,2011.63,71171.95
2022.0,5.0,19.0,4,146,2442.02,74665.43
2022.0,5.0,20.0,5,145,2751.41,87099.55
2022.0,5.0,21.0,6,173,2980.42,79557.54
2022.0,5.0,22.0,7,2,24.00,919.08
2022.0,5.0,23.0,1,146,3076.34,95320.80
2022.0,5.0,24.0,2,157,13847.80,54836.40
2022.0,5.0,25.0,3,123,1749.04,58139.40
2022.0,5.0,26.0,4,117,2134.44,60004.45
2022.0,5.0,27.0,5,166,45818.73,98750.72
2022.0,5.0,28.0,6,144,85496.04,86936.70
2022.0,5.0,29.0,7,2,0.00,2174.88
2022.0,5.0,30.0,1,160,35255.18,71647.54
2022.0,5.0,31.0,2,146,44731.08,59469.40
2022.0,6.0,1.0,3,146,24528.01,81401.63
2022.0,6.0,2.0,4,134,44933.64,65758.13
2022.0,6.0,3.0,5,171,25535.10,91899.87
2022.0,6.0,4.0,6,184,57890.75,91880.94
2022.0,6.0,6.0,1,162,16622.15,123801.39
2022.0,6.0,7.0,2,175,3990.05,79898.97
2022.0,6.0,8.0,3,138,24685.16,53842.55
2022.0,6.0,9.0,4,127,16656.70,59260.26
2022.0,6.0,10.0,5,175,46525.67,97362.03
2022.0,6.0,11.0,6,153,60884.35,88443.88
2022.0,6.0,12.0,7,1,38.00,277.58
2022.0,6.0,13.0,1,140,33785.49,76274.39
2022.0,6.0,14.0,2,166,16177.21,70182.63
2022.0,6.0,15.0,3,118,36337.32,52708.63
2022.0,6.0,16.0,4,127,13467.02,56154.40
2022.0,6.0,17.0,5,153,39146.40,81158.35
2022.0,6.0,18.0,6,159,45177.22,101047.88
2022.0,6.0,19.0,7,2,43.85,1528.60
2022.0,6.0,20.0,1,153,39052.20,69478.51
2022.0,6.0,21.0,2,178,13144.80,78051.83
2022.0,6.0,22.0,3,147,11796.32,68798.17
2022.0,6.0,23.0,4,131,38781.67,61478.81
2022.0,6.0,24.0,5,163,17102.75,86147.53
2022.0,6.0,25.0,6,186,58249.09,98907.06
2022.0,6.0,27.0,1,162,61183.33,82356.61
2022.0,6.0,28.0,2,170,15258.91,67366.53
2022.0,6.0,29.0,3,127,37541.05,57223.69
2022.0,6.0,30.0,4,144,28363.41,66649.31
2022.0,7.0,1.0,5,186,25591.63,102882.00
2022.0,7.0,2.0,6,175,90953.93,116968.34
2022.0,7.0,4.0,1,160,34132.35,77644.68
2022.0,7.0,5.0,2,153,35089.25,82168.73
2022.0,7.0,6.0,3,146,6164.62,81449.38
2022.0,7.0,7.0,4,199,35051.90,146863.39
2022.0,7.0,8.0,5,196,64133.08,131963.58
2022.0,7.0,9.0,6,6,238.00,13846.18
2022.0,7.0,11.0,1,86,25865.21,47898.36
2022.0,7.0,12.0,2,132,42922.33,63449.33
2022.0,7.0,13.0,3,118,3370.60,59905.31
2022.0,7.0,14.0,4,115,16434.08,50062.29
2022.0,7.0,15.0,5,130,29146.89,63938.71
2022.0,7.0,16.0,6,165,56194.97,71923.79
2022.0,7.0,18.0,1,120,50149.11,52550.61
2022.0,7.0,19.0,2,161,4599.20,57554.88
2022.0,7.0,20.0,3,128,9945.65,55586.64
2022.0,7.0,21.0,4,124,5619.70,60618.64
2022.0,7.0,22.0,5,133,22968.28,59033.66
2022.0,7.0,23.0,6,176,79950.55,85264.51
2022.0,7.0,25.0,1,172,18006.95,65811.99
2022.0,7.0,26.0,2,163,46136.72,66678.25
2022.0,7.0,27.0,3,116,58682.38,52469.89
2022.0,7.0,28.0,4,156,34758.70,69998.07
2022.0,7.0,29.0,5,190,22207.37,91668.27
2022.0,7.0,30.0,6,124,10869.66,68583.56
2022.0,8.0,1.0,1,118,7809.46,53716.48
2022.0,8.0,2.0,2,192,3856.68,105190.36
2022.0,8.0,3.0,3,133,10198.85,50558.16
2022.0,8.0,4.0,4,130,5001.63,55972.76
2022.0,8.0,5.0,5,167,14666.12,87318.93
2022.0,8.0,6.0,6,163,14737.17,86972.75
2022.0,8.0,8.0,1,149,56731.52,76347.37
2022.0,8.0,9.0,2,194,15706.80,74901.81
2022.0,8.0,10.0,3,108,10975.64,42931.58
2022.0,8.0,11.0,4,125,20853.62,72644.01
2022.0,8.0,12.0,5,148,9699.87,69768.78
2022.0,8.0,13.0,6,204,43484.68,101690.96
2022.0,8.0,15.0,1,119,6730.14,50209.01
2022.0,8.0,16.0,2,156,39144.45,73856.65
2022.0,8.0,17.0,3,133,3732.20,52084.75
2022.0,8.0,18.0,4,132,35644.26,54910.54
2022.0,8.0,19.0,5,155,12700.65,71841.77
2022.0,8.0,20.0,6,173,15297.01,90198.29
2022.0,8.0,22.0,1,133,9903.64,61771.93
2022.0,8.0,23.0,2,182,13027.24,72125.35
2022.0,8.0,24.0,3,134,7055.15,52445.88
2022.0,8.0,25.0,4,147,12020.98,56001.89
2022.0,8.0,26.0,5,158,11776.19,72351.50
2022.0,8.0,27.0,6,164,22013.10,70413.36
2022.0,8.0,28.0,7,1,3.00,414.00
2022.0,8.0,29.0,1,149,11506.38,62614.15
2022.0,8.0,30.0,2,160,16830.42,69443.41
2022.0,8.0,31.0,3,130,9516.66,44458.81
2022.0,9.0,1.0,4,169,15303.86,84416.11
2022.0,9.0,2.0,5,196,10312.98,95938.21
2022.0,9.0,3.0,6,183,20293.72,97993.21
2022.0,9.0,5.0,1,167,31793.95,82459.09
2022.0,9.0,6.0,2,187,12712.41,92703.07
2022.0,9.0,7.0,3,161,17201.13,79380.62
2022.0,9.0,8.0,4,149,7715.04,61734.53
2022.0,9.0,9.0,5,164,5278.11,90902.13
2022.0,9.0,10.0,6,179,17325.84,95441.56
2022.0,9.0,12.0,1,154,14647.67,77701.79
2022.0,9.0,13.0,2,208,8682.77,84368.76
2022.0,9.0,14.0,3,182,9671.62,85768.81
2022.0,9.0,15.0,4,153,16388.96,73039.71
2022.0,9.0,16.0,5,203,17653.97,106162.48
2022.0,9.0,17.0,6,194,17071.42,122776.96
2022.0,9.0,19.0,1,163,34769.87,74472.31
2022.0,9.0,20.0,2,220,27015.57,103730.12
2022.0,9.0,21.0,3,193,18947.94,87473.10
2022.0,9.0,22.0,4,194,35165.12,87400.08
2022.0,9.0,23.0,5,191,17676.26,93569.64
2022.0,9.0,24.0,6,231,30462.18,118628.86
2022.0,9.0,25.0,7,4,76.00,821.57
2022.0,9.0,26.0,1,179,15572.74,87095.91
2022.0,9.0,27.0,2,208,13460.74,101419.99
2022.0,9.0,28.0,3,158,35347.31,75949.22
2022.0,9.0,29.0,4,176,79479.00,77259.52
2022.0,9.0,30.0,5,193,71871.66,103981.47
2022.0,10.0,1.0,6,217,103317.55,124536.91
2022.0,10.0,2.0,7,2,10.00,476.10
2022.0,10.0,3.0,1,158,45033.43,85326.38
2022.0,10.0,4.0,2,234,70180.09,97150.18
2022.0,10.0,5.0,3,171,28282.17,76754.41
2022.0,10.0,6.0,4,197,54326.97,101271.53
2022.0,10.0,7.0,5,226,79202.15,140242.51
2022.0,10.0,8.0,6,171,97345.15,89647.60
2022.0,10.0,10.0,1,167,51310.71,86106.84
2022.0,10.0,11.0,2,230,91363.57,112203.86
2022.0,10.0,12.0,3,197,47629.28,89847.36
2022.0,10.0,13.0,4,204,56050.95,83191.74
2022.0,10.0,14.0,5,216,32702.96,114119.70
2022.0,10.0,15.0,6,237,30611.27,119764.52
2022.0,10.0,17.0,1,204,19396.29,92133.45
2022.0,10.0,18.0,2,235,18900.05,104066.79
2022.0,10.0,19.0,3,187,11306.21,80504.99
2022.0,10.0,20.0,4,189,13749.98,79847.48
2022.0,10.0,21.0,5,199,39067.51,118490.38
2022.0,10.0,22.0,6,189,73837.54,109307.70
2022.0,10.0,24.0,1,178,47990.89,93274.12
2022.0,10.0,25.0,2,210,61719.29,99434.49
2022.0,10.0,26.0,3,176,49403.24,76818.00
2022.0,10.0,27.0,4,176,69397.28,77478.42
2022.0,10.0,28.0,5,258,85118.99,130231.16
2022.0,10.0,29.0,6,230,73868.91,125558.39
2022.0,10.0,30.0,7,1,6.00,311.10
2022.0,10.0,31.0,1,231,95825.76,139347.81
2022.0,11.0,1.0,2,218,55917.81,87139.87
2022.0,11.0,2.0,3,212,2521.57,91040.78
2022.0,11.0,3.0,4,191,2377.63,95363.14
2022.0,11.0,4.0,5,232,3049.96,115635.42
2022.0,11.0,5.0,6,238,2873.17,122146.61
2022.0,11.0,7.0,1,197,3153.99,98366.38
2022.0,11.0,8.0,2,244,2378.48,96699.35
2022.0,11.0,9.0,3,210,2903.62,88403.25
2022.0,11.0,10.0,4,210,2781.57,102810.51
2022.0,11.0,11.0,5,279,3528.88,126011.92
2022.0,11.0,12.0,6,224,3347.47,108984.60
2022.0,11.0,13.0,7,7,113.00,3155.99
2022.0,11.0,14.0,1,205,3060.30,97307.95
2022.0,11.0,15.0,2,267,3058.18,114491.21
2022.0,11.0,16.0,3,215,2618.33,97261.45
2022.0,11.0,17.0,4,193,2805.57,98820.09
2022.0,11.0,18.0,5,227,3136.05,115041.02
2022.0,11.0,19.0,6,245,4204.79,131598.73
2022.0,11.0,21.0,1,190,3163.45,112423.10
2022.0,11.0,22.0,2,212,2963.63,104619.80
2022.0,11.0,23.0,3,200,3212.86,102629.37
2022.0,11.0,24.0,4,170,2228.27,81109.88
2022.0,11.0,25.0,5,228,3418.29,124770.38
2022.0,11.0,26.0,6,217,3465.59,110765.36
2022.0,11.0,28.0,1,187,3515.20,107140.10
2022.0,11.0,29.0,2,254,3799.85,142842.99
2022.0,11.0,30.0,3,303,6046.70,183294.86
2022.0,12.0,1.0,4,157,3877.34,88738.18
2022.0,12.0,2.0,5,13,337.80,22204.74
2022.0,12.0,3.0,6,161,4747.76,115469.34
2022.0,12.0,5.0,1,194,3720.39,98576.41
2022.0,12.0,6.0,2,219,3365.99,107062.87
2022.0,12.0,7.0,3,192,3167.43,91015.14
2022.0,12.0,8.0,4,207,4247.66,118294.94
2022.0,12.0,9.0,5,181,4185.37,110805.99
2022.0,12.0,10.0,6,222,4021.37,112675.11
2022.0,12.0,11.0,7,7,53.45,4261.00
2022.0,12.0,12.0,1,192,3772.23,92830.84
2022.0,12.0,13.0,2,227,3914.08,129931.36
2022.0,12.0,14.0,3,181,3133.67,72381.04
2022.0,12.0,15.0,4,164,3052.54,82805.67
2022.0,12.0,16.0,5,205,3618.25,100490.43
2022.0,12.0,17.0,6,227,4587.04,114938.34
2022.0,12.0,19.0,1,167,4172.96,98828.69
2022.0,12.0,20.0,2,222,3771.25,101412.24
2022.0,12.0,21.0,3,178,3549.34,83341.06
2022.0,12.0,22.0,4,213,4451.49,108058.45
2022.0,12.0,23.0,5,214,4170.10,114799.29
2022.0,12.0,24.0,6,245,4764.90,131175.40
2022.0,12.0,25.0,7,3,200.00,4748.19
2022.0,12.0,26.0,1,158,3491.91,91593.80
2022.0,12.0,27.0,2,218,4592.52,127325.53
2022.0,12.0,28.0,3,188,3197.25,102295.57
2022.0,12.0,29.0,4,245,5732.92,146296.52
2022.0,12.0,30.0,5,289,7377.99,181347.98
2022.0,12.0,31.0,6,179,4389.54,112262.80
2023.0,1.0,1.0,7,1,6.00,74.52
2023.0,1.0,2.0,1,173,3788.17,100643.62
2023.0,1.0,3.0,2,238,4861.99,139082.88
2023.0,1.0,4.0,3,167,3369.91,82606.96
2023.0,1.0,5.0,4,182,3439.12,109534.61
2023.0,1.0,6.0,5,230,3751.44,118809.96
2023.0,1.0,7.0,6,232,4956.88,121563.57
2023.0,1.0,9.0,1,205,3915.14,129416.84
2023.0,1.0,10.0,2,248,4969.43,126332.90
2023.0,1.0,11.0,3,194,4426.94,82869.79
2023.0,1.0,12.0,4,182,3458.59,95817.65
2023.0,1.0,13.0,5,200,4028.88,91210.38
2023.0,1.0,14.0,6,257,5702.33,157142.29
2023.0,1.0,15.0,7,3,67.10,2274.93
2023.0,1.0,16.0,1,199,4278.06,114819.06
2023.0,1.0,17.0,2,230,4122.42,111903.25
2023.0,1.0,18.0,3,205,3299.41,91245.38
2023.0,1.0,19.0,4,212,3713.69,110033.90
2023.0,1.0,20.0,5,199,4204.45,98936.24
2023.0,1.0,21.0,6,219,4448.91,112296.98
2023.0,1.0,23.0,1,212,4680.09,119936.80
2023.0,1.0,24.0,2,246,4034.60,123276.37
2023.0,1.0,25.0,3,176,3238.64,88570.78
2023.0,1.0,26.0,4,204,4559.95,89175.58
2023.0,1.0,27.0,5,202,3756.57,90945.69
2023.0,1.0,28.0,6,239,5123.85,129563.45
2023.0,1.0,29.0,7,3,179.40,2087.86
2023.0,1.0,30.0,1,209,4210.34,106702.35
2023.0,1.0,31.0,2,297,3281.09,102587.90
2023.0,2.0,1.0,3,233,4835.10,118569.60
2023.0,2.0,2.0,4,223,4223.05,109848.99
2023.0,2.0,3.0,5,216,3498.53,111281.91
2023.0,2.0,4.0,6,265,5404.89,137690.15
2023.0,2.0,5.0,7,6,130.50,4036.49
2023.0,2.0,6.0,1,197,3634.81,103265.86
2023.0,2.0,7.0,2,261,5215.35,134067.34
2023.0,2.0,8.0,3,203,3661.66,89933.82
2023.0,2.0,9.0,4,219,3592.66,110078.05
2023.0,2.0,10.0,5,204,4810.49,102636.63
2023.0,2.0,11.0,6,267,5592.22,151904.85
2023.0,2.0,13.0,1,243,5009.78,120259.60
2023.0,2.0,14.0,2,251,4238.55,116064.05
2023.0,2.0,15.0,3,222,3957.66,94416.77
2023.0,2.0,16.0,4,214,3970.69,106575.07
2023.0,2.0,17.0,5,221,4020.09,111143.48
2023.0,2.0,18.0,6,246,5806.37,135137.31
2023.0,2.0,20.0,1,208,5007.40,128744.85
2023.0,2.0,21.0,2,251,4287.77,127809.33
2023.0,2.0,22.0,3,220,4979.05,120388.63
2023.0,2.0,23.0,4,240,4644.19,119963.60
2023.0,2.0,24.0,5,232,4345.34,135889.60
2023.0,2.0,25.0,6,232,4904.01,128315.45
2023.0,2.0,26.0,7,1,40.80,644.18
2023.0,2.0,27.0,1,219,4834.68,118305.88
2023.0,2.0,28.0,2,252,4258.58,126935.34
2023.0,3.0,1.0,3,215,4253.23,122368.87
2023.0,3.0,2.0,4,240,3905.49,121325.57
2023.0,3.0,3.0,5,253,5315.39,138773.57
2023.0,3.0,4.0,6,251,5962.63,153876.24
2023.0,3.0,6.0,1,213,4737.35,124538.36
2023.0,3.0,7.0,2,240,4118.91,118053.21
2023.0,3.0,8.0,3,222,4436.08,123550.34
2023.0,3.0,9.0,4,235,3975.53,113356.48
2023.0,3.0,10.0,5,246,5034.63,137216.97
2023.0,3.0,11.0,6,244,5311.68,123557.46
2023.0,3.0,13.0,1,238,5542.42,116930.88
2023.0,3.0,14.0,2,272,5313.84,148883.33
2023.0,3.0,15.0,3,244,5190.35,115007.92
2023.0,3.0,16.0,4,249,4708.85,130579.04
2023.0,3.0,17.0,5,217,5702.35,128024.35
2023.0,3.0,18.0,6,256,6678.02,143858.60
2023.0,3.0,19.0,7,1,0.00,351.90
2023.0,3.0,20.0,1,212,6083.77,113257.51
2023.0,3.0,21.0,2,254,4384.81,123269.32
2023.0,3.0,22.0,3,201,4842.97,108769.39
2023.0,3.0,23.0,4,195,3573.92,86095.05
2023.0,3.0,24.0,5,199,4218.37,96465.49
2023.0,3.0,25.0,6,235,6574.16,119486.06
2023.0,3.0,27.0,1,199,4934.13,101521.23
2023.0,3.0,28.0,2,200,5529.48,88895.58
2023.0,3.0,29.0,3,193,4487.43,81632.94
2023.0,3.0,30.0,4,194,4520.05,94385.74
2023.0,3.0,31.0,5,301,6552.25,150148.14
2023.0,4.0,1.0,6,209,4886.45,111389.85
2023.0,4.0,2.0,7,2,792.00,7100.32
2023.0,4.0,3.0,1,214,5482.90,111603.62
2023.0,4.0,4.0,2,236,5778.61,116563.92
2023.0,4.0,5.0,3,200,6225.70,117594.25
2023.0,4.0,6.0,4,210,7884.85,100821.13
2023.0,4.0,7.0,5,220,5072.15,110488.53
2023.0,4.0,8.0,6,259,7284.87,131408.77
2023.0,4.0,10.0,1,241,6679.86,113228.87
2023.0,4.0,11.0,2,287,6713.28,131518.74
2023.0,4.0,12.0,3,202,6832.04,105346.92
2023.0,4.0,13.0,4,195,4384.71,95662.78
2023.0,4.0,14.0,5,190,4847.89,101006.79
2023.0,4.0,15.0,6,252,8283.50,126141.42
2023.0,4.0,16.0,7,1,0.00,407.77
2023.0,4.0,17.0,1,196,7468.96,111297.99
2023.0,4.0,18.0,2,246,4806.27,116172.46
2023.0,4.0,19.0,3,252,6467.94,155474.96
2023.0,4.0,20.0,4,277,9090.26,197096.12
2023.0,4.0,22.0,6,104,5162.28,58736.13
2023.0,4.0,23.0,7,3,652.70,5243.31
2023.0,4.0,24.0,1,179,4361.45,98600.66
2023.0,4.0,25.0,2,248,5153.60,124162.30
2023.0,4.0,26.0,3,217,4195.87,105342.00
2023.0,4.0,27.0,4,208,4630.30,96710.14
2023.0,4.0,28.0,5,250,5646.44,130436.61
2023.0,4.0,29.0,6,270,8584.60,155418.38
2023.0,5.0,1.0,1,223,6359.63,131061.26
2023.0,5.0,2.0,2,295,6587.28,146744.93
2023.0,5.0,3.0,3,222,5146.08,116241.22
2023.0,5.0,4.0,4,234,5856.06,124169.87
2023.0,5.0,5.0,5,254,4972.42,120772.98
2023.0,5.0,6.0,6,280,8495.93,165931.33
2023.0,5.0,8.0,1,225,5852.80,118187.93
2023.0,5.0,9.0,2,282,5937.93,131982.03
2023.0,5.0,10.0,3,219,4798.03,96104.73
2023.0,5.0,11.0,4,241,5397.46,121265.44
2023.0,5.0,12.0,5,217,4623.31,111713.39
2023.0,5.0,13.0,6,271,7217.62,143331.87
2023.0,5.0,14.0,7,1,0.50,33.81
2023.0,5.0,15.0,1,225,5929.85,120481.31
2023.0,5.0,16.0,2,268,5757.74,126830.94
2023.0,5.0,17.0,3,191,6142.36,86936.66
2023.0,5.0,18.0,4,208,5429.03,113963.77
2023.0,5.0,19.0,5,235,8294.27,128706.20
2023.0,5.0,20.0,6,280,8368.75,150984.40
2023.0,5.0,22.0,1,232,5090.48,99989.68
2023.0,5.0,23.0,2,282,5313.03,124611.92
2023.0,5.0,24.0,3,238,4972.08,96615.17
2023.0,5.0,25.0,4,260,6274.46,103013.77
2023.0,5.0,26.0,5,220,4965.56,121267.97
2023.0,5.0,27.0,6,225,5082.95,122106.58
2023.0,5.0,29.0,1,193,3863.79,100335.21
2023.0,5.0,30.0,2,225,3460.95,106681.38
2023.0,5.0,31.0,3,176,3544.34,71445.95
2023.0,6.0,1.0,4,236,3732.54,112929.07
2023.0,6.0,2.0,5,228,4143.30,123097.48
2023.0,6.0,3.0,6,296,6791.21,158788.77
2023.0,6.0,5.0,1,219,4866.88,101678.25
2023.0,6.0,6.0,2,327,9723.43,140236.42
2023.0,6.0,7.0,3,261,6284.88,113911.04
2023.0,6.0,8.0,4,248,5378.58,106021.34
2023.0,6.0,9.0,5,243,5585.14,132800.05
2023.0,6.0,10.0,6,279,9191.55,163010.33
2023.0,6.0,11.0,7,4,164.00,3734.28
2023.0,6.0,12.0,1,269,5699.19,124885.13
2023.0,6.0,13.0,2,283,5070.65,121563.81
2023.0,6.0,14.0,3,203,5950.98,95105.98
2023.0,6.0,15.0,4,231,5641.26,111086.16
2023.0,6.0,16.0,5,238,4514.19,111804.12
2023.0,6.0,17.0,6,292,7354.30,150657.12
2023.0,6.0,18.0,7,1,0.00,36.71
2023.0,6.0,19.0,1,231,5677.26,110754.34
2023.0,6.0,20.0,2,287,6346.95,127329.74
2023.0,6.0,21.0,3,212,5106.10,98420.62
2023.0,6.0,22.0,4,223,5230.90,102206.38
2023.0,6.0,23.0,5,248,5930.04,135997.37
2023.0,6.0,24.0,6,278,9336.87,168517.89
2023.0,6.0,25.0,7,1,150.00,476.10
2023.0,6.0,26.0,1,244,7210.97,132448.85
2023.0,6.0,27.0,2,381,11656.84,216613.19
2023.0,6.0,29.0,4,86,2531.20,47687.31
2023.0,6.0,30.0,5,156,4810.90,93502.95
2023.0,7.0,1.0,6,233,5920.86,115351.38
2023.0,7.0,2.0,7,1,100.00,317.40
2023.0,7.0,3.0,1,205,4357.88,85751.88
2023.0,7.0,4.0,2,274,5782.50,124289.60
2023.0,7.0,5.0,3,192,4405.49,84042.64
2023.0,7.0,6.0,4,212,5507.31,99037.84
2023.0,7.0,7.0,5,225,4788.04,108566.81
2023.0,7.0,8.0,6,272,8512.50,148619.25
2023.0,7.0,10.0,1,185,6712.33,97920.10
2023.0,7.0,11.0,2,214,4511.07,90512.88
2023.0,7.0,12.0,3,190,3986.38,81715.92
2023.0,7.0,13.0,4,197,5123.69,85100.22
2023.0,7.0,14.0,5,235,4983.37,113823.52
2023.0,7.0,15.0,6,271,8201.36,149517.43
2023.0,7.0,17.0,1,219,4317.62,90618.55
2023.0,7.0,18.0,2,243,5877.36,114248.07
2023.0,7.0,19.0,3,208,3685.19,69882.22
2023.0,7.0,20.0,4,287,6745.40,149503.46
2023.0,7.0,21.0,5,163,3815.21,76107.82
2023.0,7.0,22.0,6,227,6612.04,115476.90
2023.0,7.0,23.0,7,2,45.00,1024.65
2023.0,7.0,24.0,1,213,6778.80,113827.47
2023.0,7.0,25.0,2,259,5090.70,99369.56
2023.0,7.0,26.0,3,183,4482.56,83952.36
2023.0,7.0,27.0,4,181,3396.43,72518.41
2023.0,7.0,28.0,5,204,4927.15,97231.61
2023.0,7.0,29.0,6,242,7245.03,125688.24
2023.0,7.0,31.0,1,187,4502.51,78969.64
2023.0,8.0,1.0,2,248,4947.74,110183.88
2023.0,8.0,2.0,3,192,4503.52,78362.04
2023.0,8.0,3.0,4,224,5616.11,98649.60
2023.0,8.0,4.0,5,207,4504.84,92355.25
2023.0,8.0,5.0,6,238,7645.06,120859.51
2023.0,8.0,7.0,1,185,4737.84,90966.40
2023.0,8.0,8.0,2,196,5272.73,81774.55
2023.0,8.0,9.0,3,220,4751.26,93290.44
2023.0,8.0,10.0,4,177,5760.60,85491.22
2023.0,8.0,11.0,5,214,5370.21,110554.08
2023.0,8.0,12.0,6,237,7687.61,129182.43
2023.0,8.0,14.0,1,190,5558.82,88241.48
2023.0,8.0,15.0,2,224,5030.25,91754.96
2023.0,8.0,16.0,3,173,4024.81,67447.15
2023.0,8.0,17.0,4,175,5380.13,81640.98
2023.0,8.0,18.0,5,225,5931.89,112361.45
2023.0,8.0,19.0,6,231,7203.97,119653.51
2023.0,8.0,21.0,1,218,5362.39,93230.30
2023.0,8.0,22.0,2,249,6130.15,115262.89
2023.0,8.0,23.0,3,195,5199.75,80185.03
2023.0,8.0,24.0,4,176,4719.04,73536.87
2023.0,8.0,25.0,5,233,5349.19,104707.69
2023.0,8.0,26.0,6,241,7178.57,125338.75
2023.0,8.0,28.0,1,180,4708.71,81282.14
2023.0,8.0,29.0,2,278,6559.11,130312.16
2023.0,8.0,30.0,3,188,6241.49,86198.68
2023.0,8.0,31.0,4,192,4031.52,76323.77
2023.0,9.0,1.0,5,232,5501.02,118241.27
2023.0,9.0,2.0,6,256,6750.06,128026.34
2023.0,9.0,4.0,1,235,4747.36,92376.46
2023.0,9.0,5.0,2,309,10039.67,177914.06
2023.0,9.0,6.0,3,217,4546.19,91750.91
2023.0,9.0,7.0,4,229,5669.53,110336.09
2023.0,9.0,8.0,5,248,6505.92,137833.38
2023.0,9.0,9.0,6,257,9339.32,156331.54
2023.0,9.0,11.0,1,233,5904.58,113340.95
2023.0,9.0,12.0,2,283,7692.57,146717.72
2023.0,9.0,13.0,3,235,7135.18,113589.74
2023.0,9.0,14.0,4,217,6427.25,109282.40
2023.0,9.0,15.0,5,274,6329.01,144333.61
2023.0,9.0,16.0,6,274,9031.61,166162.97
2023.0,9.0,18.0,1,242,6869.43,144772.20
2023.0,9.0,19.0,2,274,7131.30,142505.94
2023.0,9.0,20.0,3,206,6823.12,107237.07
2023.0,9.0,21.0,4,199,5891.87,109054.72
2023.0,9.0,22.0,5,266,7495.47,146795.36
2023.0,9.0,23.0,6,280,9670.15,160614.70
2023.0,9.0,24.0,7,1,7.00,463.13
2023.0,9.0,25.0,1,236,6668.70,131679.05
2023.0,9.0,26.0,2,296,8040.80,157189.41
2023.0,9.0,27.0,3,238,6936.88,119142.54
2023.0,9.0,28.0,4,306,9831.18,201614.12
2023.0,9.0,29.0,5,158,4605.17,90625.13
2023.0,9.0,30.0,6,244,9721.41,148070.57
2023.0,10.0,2.0,1,275,6312.79,136971.23
2023.0,10.0,3.0,2,333,7140.79,139932.40
2023.0,10.0,4.0,3,274,4912.89,106059.57
2023.0,10.0,5.0,4,253,8213.76,147261.80
2023.0,10.0,6.0,5,273,6086.73,130344.13
2023.0,10.0,7.0,6,280,9348.30,164858.58
2023.0,10.0,9.0,1,223,7539.45,136244.07
2023.0,10.0,10.0,2,261,7232.21,135281.53
2023.0,10.0,11.0,3,226,5690.96,106444.31
2023.0,10.0,12.0,4,227,5816.30,111150.15
2023.0,10.0,13.0,5,259,8016.31,149497.43
2023.0,10.0,14.0,6,256,9141.49,151520.54
2023.0,10.0,16.0,1,239,6051.40,132271.06
2023.0,10.0,17.0,2,249,6691.89,140270.89
2023.0,10.0,18.0,3,217,4951.78,108535.61
2023.0,10.0,19.0,4,220,6392.09,113407.03
2023.0,10.0,20.0,5,254,6126.36,146248.05
2023.0,10.0,21.0,6,266,9791.51,164764.35
2023.0,10.0,23.0,1,251,6903.95,143752.30
2023.0,10.0,24.0,2,289,7024.03,151749.95
2023.0,10.0,25.0,3,204,6122.26,116983.67
2023.0,10.0,26.0,4,251,6685.27,128492.18
2023.0,10.0,27.0,5,251,7363.04,146565.71
2023.0,10.0,28.0,6,269,8631.08,168675.57
2023.0,10.0,30.0,1,256,7856.54,165323.88
2023.0,10.0,31.0,2,280,6652.87,136475.00
2023.0,11.0,1.0,3,243,6094.18,133934.97
2023.0,11.0,2.0,4,202,6378.99,112080.97
2023.0,11.0,3.0,5,320,6691.29,166591.97
2023.0,11.0,4.0,6,267,8718.70,176113.34
2023.0,11.0,6.0,1,229,7484.35,149614.67
2023.0,11.0,7.0,2,288,7492.33,168567.69
2023.0,11.0,8.0,3,255,7515.15,152701.01
2023.0,11.0,9.0,4,216,5926.82,114284.33
2023.0,11.0,10.0,5,275,7212.19,153623.68
2023.0,11.0,11.0,6,260,7788.21,168612.05
2023.0,11.0,13.0,1,269,6526.06,150613.32
2023.0,11.0,14.0,2,253,5956.17,123382.30
2023.0,11.0,15.0,3,241,7960.88,150899.34
2023.0,11.0,16.0,4,217,5408.14,114919.77
2023.0,11.0,17.0,5,237,5876.90,134061.47
2023.0,11.0,18.0,6,284,9241.57,178433.68
2023.0,11.0,20.0,1,247,6718.78,139809.04
2023.0,11.0,21.0,2,274,7424.60,164972.62
2023.0,11.0,22.0,3,210,5389.44,123438.66
2023.0,11.0,23.0,4,252,7567.00,152926.25
2023.0,11.0,24.0,5,273,7061.01,162706.35
2023.0,11.0,25.0,6,265,7494.07,163080.79
2023.0,11.0,26.0,7,21,1534.89,22909.77
2023.0,11.0,27.0,1,226,7101.79,137043.94
2023.0,11.0,28.0,2,288,7264.42,205363.02
2023.0,11.0,29.0,3,261,7601.05,171397.35
2023.0,11.0,30.0,4,289,9128.78,248045.66
2023.0,12.0,1.0,5,338,8043.97,203993.12
2023.0,12.0,2.0,6,168,7578.66,158093.27
2023.0,12.0,4.0,1,187,5359.33,113287.60
2023.0,12.0,5.0,2,243,7431.57,158918.64
2023.0,12.0,6.0,3,243,6172.31,136759.07
2023.0,12.0,7.0,4,220,5328.04,114762.56
2023.0,12.0,8.0,5,267,6186.97,168803.37
2023.0,12.0,9.0,6,226,5951.03,160456.46
2023.0,12.0,10.0,7,2,42.00,5547.60
2023.0,12.0,11.0,1,195,5276.76,130562.80
2023.0,12.0,12.0,2,263,5914.76,136241.61
2023.0,12.0,13.0,3,214,4663.74,106795.16
2023.0,12.0,14.0,4,191,4212.82,101407.55
2023.0,12.0,15.0,5,241,5707.78,126958.20
2023.0,12.0,16.0,6,239,7588.47,160952.27
2023.0,12.0,17.0,7,1,15.00,329.13
2023.0,12.0,18.0,1,230,5941.52,117370.84
2023.0,12.0,19.0,2,265,5861.36,152300.99
2023.0,12.0,20.0,3,208,4835.58,114176.11
2023.0,12.0,21.0,4,253,6602.35,159742.14
2023.0,12.0,22.0,5,277,6514.24,147514.04
2023.0,12.0,23.0,6,297,7855.71,173993.38
2023.0,12.0,25.0,1,234,4644.31,130813.65
2023.0,12.0,26.0,2,203,5318.47,105576.78
2023.0,12.0,27.0,3,206,5299.37,127452.27
2023.0,12.0,28.0,4,241,7037.75,159320.76
2023.0,12.0,29.0,5,323,7816.90,195401.53
2023.0,12.0,30.0,6,331,9962.10,234579.38
2023.0,12.0,31.0,7,51,1338.19,26957.10
2024.0,1.0,2.0,2,192,4599.82,118657.49
2024.0,1.0,3.0,3,247,5740.87,131623.37
2024.0,1.0,4.0,4,224,6322.83,122170.73
2024.0,1.0,5.0,5,228,4305.88,138777.86
2024.0,1.0,6.0,6,248,5785.81,148345.33
2024.0,1.0,8.0,1,249,10916.45,185757.19
2024.0,1.0,9.0,2,243,6250.99,122450.85
2024.0,1.0,10.0,3,207,4826.25,113722.81
2024.0,1.0,11.0,4,230,5771.54,120066.93
2024.0,1.0,12.0,5,200,5473.70,125833.83
2024.0,1.0,13.0,6,236,7111.80,146016.45
2024.0,1.0,14.0,7,1,130.10,951.65
2024.0,1.0,15.0,1,246,6848.19,139469.13
2024.0,1.0,16.0,2,271,6925.75,160585.52
2024.0,1.0,17.0,3,220,4805.36,101549.80
2024.0,1.0,18.0,4,204,5640.85,99355.35
2024.0,1.0,19.0,5,250,5386.05,137749.11
2024.0,1.0,20.0,6,308,9385.71,182481.72
2024.0,1.0,22.0,1,195,5456.65,104460.97
2024.0,1.0,23.0,2,266,7504.71,150871.18
2024.0,1.0,24.0,3,253,5232.91,123129.75
2024.0,1.0,25.0,4,216,5583.43,118035.38
2024.0,1.0,26.0,5,230,5888.30,135239.83
2024.0,1.0,27.0,6,228,7892.15,151071.58
2024.0,1.0,29.0,1,249,6154.58,141413.11
2024.0,1.0,30.0,2,245,6981.84,124246.74
2024.0,1.0,31.0,3,240,4946.48,120898.94
2024.0,2.0,1.0,4,230,5645.34,132288.14
2024.0,2.0,2.0,5,234,5500.86,135603.68
2024.0,2.0,3.0,6,284,9603.62,173220.03
2024.0,2.0,5.0,1,237,6171.41,128307.66
2024.0,2.0,6.0,2,263,7329.99,166439.10
2024.0,2.0,7.0,3,250,6450.12,150476.71
2024.0,2.0,8.0,4,237,5739.29,119547.65
2024.0,2.0,9.0,5,247,6170.52,135923.77
2024.0,2.0,10.0,6,258,8649.91,158403.30
2024.0,2.0,12.0,1,193,6513.76,117818.11
2024.0,2.0,13.0,2,249,6211.72,150936.75
2024.0,2.0,14.0,3,273,6566.38,167040.78
2024.0,2.0,15.0,4,281,6185.68,155739.64
2024.0,2.0,16.0,5,279,7642.83,169339.45
2024.0,2.0,17.0,6,277,8927.59,177039.26
2024.0,2.0,19.0,1,233,6786.44,134551.46
2024.0,2.0,20.0,2,296,8106.85,183254.34
2024.0,2.0,21.0,3,232,6458.76,147546.86
2024.0,2.0,22.0,4,236,6220.99,153060.51
2024.0,2.0,23.0,5,238,6420.60,150838.60
2024.0,2.0,24.0,6,255,9415.56,185173.55
2024.0,2.0,26.0,1,218,6690.47,136975.68
2024.0,2.0,27.0,2,292,7543.37,179231.80
2024.0,2.0,28.0,3,218,5929.53,136450.69
2024.0,2.0,29.0,4,214,5541.05,133137.69
2024.0,3.0,1.0,5,261,6459.61,177477.58
2024.0,3.0,2.0,6,259,9055.65,173304.34
2024.0,3.0,4.0,1,233,7134.14,147675.59
2024.0,3.0,5.0,2,248,7563.91,164922.53
2024.0,3.0,6.0,3,276,6202.70,149515.68
2024.0,3.0,7.0,4,247,6110.05,141355.04
2024.0,3.0,8.0,5,247,6568.79,150978.43
2024.0,3.0,9.0,6,233,7355.89,139493.97
2024.0,3.0,11.0,1,219,5629.55,126184.38
2024.0,3.0,12.0,2,306,8202.56,155092.40
2024.0,3.0,13.0,3,229,5118.57,120800.12
2024.0,3.0,14.0,4,172,4435.14,99909.03
2024.0,3.0,15.0,5,214,4959.84,109728.65
2024.0,3.0,16.0,6,221,7256.20,154067.09
2024.0,3.0,18.0,1,192,6170.03,115627.95
2024.0,3.0,19.0,2,272,8282.96,163582.07
2024.0,3.0,20.0,3,218,5936.79,120772.89
2024.0,3.0,21.0,4,215,5873.98,121009.87
2024.0,3.0,22.0,5,235,6721.13,148946.57
2024.0,3.0,23.0,6,228,8579.79,146845.57
2024.0,3.0,25.0,1,230,6484.80,140405.69
2024.0,3.0,26.0,2,247,8081.93,160128.36
2024.0,3.0,27.0,3,231,5477.92,129372.13
2024.0,3.0,28.0,4,225,6850.99,135212.83
2024.0,3.0,29.0,5,281,7437.99,157459.16
2024.0,3.0,30.0,6,258,10479.21,197797.00
2024.0,3.0,31.0,7,2,147.00,7708.68
2024.0,4.0,1.0,1,209,6976.79,136433.22
2024.0,4.0,2.0,2,254,7866.08,151969.63
2024.0,4.0,3.0,3,234,6140.49,145550.68
2024.0,4.0,4.0,4,204,6501.92,129547.82
2024.0,4.0,5.0,5,249,7449.49,185963.65
2024.0,4.0,6.0,6,294,10202.12,204057.51
2024.0,4.0,8.0,1,287,11813.29,262086.19
2024.0,4.0,9.0,2,121,4203.19,80621.30
2024.0,4.0,10.0,3,35,2687.26,31290.85
2024.0,4.0,11.0,4,146,4684.96,104080.03
2024.0,4.0,12.0,5,230,5402.35,117646.30
2024.0,4.0,13.0,6,284,7997.72,159523.54
2024.0,4.0,15.0,1,276,6159.31,143076.32
2024.0,4.0,16.0,2,220,5820.83,143166.75
2024.0,4.0,17.0,3,109,3705.04,59742.05
2024.0,4.0,18.0,4,181,4541.89,95598.03
2024.0,4.0,19.0,5,264,6051.88,128639.19
2024.0,4.0,20.0,6,285,7497.75,177939.54
2024.0,4.0,22.0,1,233,5778.59,127378.87
2024.0,4.0,23.0,2,263,6228.85,148472.03
2024.0,4.0,24.0,3,200,4641.27,98820.48
2024.0,4.0,25.0,4,277,5823.99,144495.45
2024.0,4.0,26.0,5,247,6218.86,144444.11
2024.0,4.0,27.0,6,300,9573.94,194224.59
2024.0,4.0,28.0,7,1,0.50,0.00
2024.0,4.0,29.0,1,235,5814.99,121109.73
2024.0,4.0,30.0,2,229,6796.11,142543.69
2024.0,5.0,1.0,3,253,8179.67,176023.53
2024.0,5.0,2.0,4,213,5875.52,120932.56
2024.0,5.0,3.0,5,224,5794.71,128226.53
2024.0,5.0,4.0,6,266,8804.60,152929.59
2024.0,5.0,6.0,1,197,5845.35,126417.61
2024.0,5.0,7.0,2,242,6995.31,160896.33
2024.0,5.0,8.0,3,216,6276.58,129646.16
2024.0,5.0,9.0,4,240,5792.01,143919.02
2024.0,5.0,10.0,5,289,6791.18,190276.00
2024.0,5.0,11.0,6,258,8984.94,172731.04
2024.0,5.0,13.0,1,249,6766.72,143779.47
2024.0,5.0,14.0,2,276,7315.82,155851.36
2024.0,5.0,15.0,3,192,5396.88,105666.42
2024.0,5.0,16.0,4,209,5600.94,122415.52
2024.0,5.0,17.0,5,273,6214.93,145231.57
2024.0,5.0,18.0,6,272,8343.62,165114.07
2024.0,5.0,20.0,1,198,5475.92,112519.33
2024.0,5.0,21.0,2,266,7701.56,166158.26
2024.0,5.0,22.0,3,198,4798.00,100991.11
2024.0,5.0,23.0,4,206,4916.97,99562.83
2024.0,5.0,24.0,5,236,5413.02,132849.31
2024.0,5.0,25.0,6,232,8065.86,151303.39
2024.0,5.0,27.0,1,239,7113.76,161684.39
2024.0,5.0,28.0,2,265,11164.05,238002.39
2024.0,5.0,29.0,3,217,5027.39,107674.78
2024.0,5.0,30.0,4,202,5316.26,106336.82
2024.0,5.0,31.0,5,234,6201.30,135635.41
2024.0,6.0,1.0,6,281,9868.96,198695.36
2024.0,6.0,3.0,1,223,5073.22,116933.34
2024.0,6.0,4.0,2,276,6989.62,143408.51
2024.0,6.0,5.0,3,222,7165.93,123183.27
2024.0,6.0,6.0,4,206,4977.06,99662.16
2024.0,6.0,7.0,5,207,5467.04,120915.02
2024.0,6.0,8.0,6,253,8723.71,191829.50
2024.0,6.0,10.0,1,215,6905.15,147396.98
2024.0,6.0,11.0,2,246,6160.16,139985.04
2024.0,6.0,12.0,3,208,5254.76,123912.81
2024.0,6.0,13.0,4,206,5199.68,141685.19
2024.0,6.0,14.0,5,273,7746.19,343397.61
2024.0,6.0,15.0,6,271,9840.76,222276.48
2024.0,6.0,17.0,1,49,2631.22,38006.44
2024.0,6.0,18.0,2,138,4225.73,73674.63
2024.0,6.0,19.0,3,186,4504.30,118436.31
2024.0,6.0,20.0,4,204,5411.95,98848.15
2024.0,6.0,21.0,5,193,4274.79,98726.90
2024.0,6.0,22.0,6,233,6159.24,145041.49
2024.0,6.0,24.0,1,191,4411.85,120279.29
2024.0,6.0,25.0,2,196,4605.34,94193.22
2024.0,6.0,26.0,3,177,3840.38,105144.03
2024.0,6.0,27.0,4,183,4584.78,106575.34
2024.0,6.0,28.0,5,203,5416.22,112285.35
2024.0,6.0,29.0,6,199,6207.80,159740.93
2024.0,6.0,30.0,7,8,230.32,13685.18
2024.0,7.0,1.0,1,205,5532.47,130520.76
2024.0,7.0,2.0,2,229,5656.62,139361.40
2024.0,7.0,3.0,3,184,4366.01,95150.81
2024.0,7.0,4.0,4,166,4731.86,101415.25
2024.0,7.0,5.0,5,217,4778.45,123795.61
2024.0,7.0,6.0,6,202,7116.69,154429.43
2024.0,7.0,8.0,1,169,4840.31,99690.03
2024.0,7.0,9.0,2,262,6947.11,139687.82
2024.0,7.0,10.0,3,195,4273.49,101205.47
2024.0,7.0,11.0,4,153,3919.82,77080.35
2024.0,7.0,12.0,5,195,4638.63,98421.11
2024.0,7.0,13.0,6,226,6446.14,140357.47
2024.0,7.0,15.0,1,183,4340.08,112291.85
2024.0,7.0,16.0,2,213,5449.61,107311.00
2024.0,7.0,17.0,3,145,3577.16,79972.97
2024.0,7.0,18.0,4,172,4337.25,80922.08
2024.0,7.0,19.0,5,194,5458.44,121676.12
2024.0,7.0,20.0,6,205,6957.45,144220.06
2024.0,7.0,22.0,1,166,3919.33,95844.96
2024.0,7.0,23.0,2,236,5531.17,126221.24
2024.0,7.0,24.0,3,141,3472.93,89427.48
2024.0,7.0,25.0,4,155,4412.27,90663.52
2024.0,7.0,26.0,5,219,4624.02,114191.54
2024.0,7.0,27.0,6,193,5914.68,145224.21
2024.0,7.0,29.0,1,156,4435.41,107543.58
2024.0,7.0,30.0,2,216,4919.55,95965.29
2024.0,7.0,31.0,3,133,3658.07,84783.68
2024.0,8.0,1.0,4,200,4675.79,141776.44
2024.0,8.0,2.0,5,191,4395.17,88608.07
2024.0,8.0,3.0,6,215,6827.13,130604.33
2024.0,8.0,5.0,1,220,3751.64,101593.59
2024.0,8.0,6.0,2,238,5591.96,135126.88
2024.0,8.0,7.0,3,177,4297.08,106304.00
2024.0,8.0,8.0,4,181,3894.60,75936.00
2024.0,8.0,9.0,5,193,5368.02,109361.32
2024.0,8.0,10.0,6,201,6225.36,137439.37
2024.0,8.0,12.0,1,182,4176.30,90926.20
2024.0,8.0,13.0,2,198,5354.42,102078.57
2024.0,8.0,14.0,3,204,4486.69,98975.72
2024.0,8.0,15.0,4,162,4519.96,80430.55
2024.0,8.0,16.0,5,187,5002.33,103470.17
2024.0,8.0,17.0,6,213,6621.57,153629.17
2024.0,8.0,19.0,1,149,5023.92,89341.96
2024.0,8.0,20.0,2,190,6219.78,111216.28
2024.0,8.0,21.0,3,164,3474.59,71935.62
2024.0,8.0,22.0,4,185,4009.24,93196.60
2024.0,8.0,23.0,5,216,3642.51,105813.94
2024.0,8.0,24.0,6,199,6466.74,128408.22
2024.0,8.0,26.0,1,194,4441.84,109538.43
2024.0,8.0,27.0,2,229,6020.69,119412.23
2024.0,8.0,28.0,3,193,5140.79,123687.07
2024.0,8.0,29.0,4,157,4502.89,94493.10
2024.0,8.0,30.0,5,209,5521.13,116047.66
2024.0,8.0,31.0,6,189,5744.16,119485.33
2024.0,9.0,2.0,1,198,9373.88,111611.90
2024.0,9.0,3.0,2,257,15099.63,145620.58
2024.0,9.0,4.0,3,183,9343.41,93660.12
